,bidirectional1,bidirectional2,bidirectional3,convolution_at_end,dropout1,dropout2,dropout3,dropout_rate1,dropout_rate2,dropout_rate3,end_conv_kernel_size1,end_conv_units1,frame_length,hop_length,if_block2,if_block3,max_freq,n_mfcc,units1,units2,units3,window_type,loss,accuracy,precision,recall,auc,TP,TN,FP,FN,f1,status
0,1,1.0,1.0,0,0,1.0,1.0,,50.0,25.0,,,1,0,1,1.0,6500.0,78.0,256.0,256.0,128.0,2,-0.7469933434021369,0.9647985696792603,0.8235644996166229,0.6811054348945618,0.8328548967838287,1669.25,29325.0,353.5,777.25,0.7469933434021369,ok
1,0,0.0,0.0,0,1,0.0,0.0,75.0,,,,,1,1,1,1.0,9000.0,18.0,192.0,192.0,128.0,2,-0.7121087797444614,0.9617712497711182,0.8326632976531982,0.6189825385808945,0.8024390637874603,1518.75,29378.25,300.25,927.75,0.7121087797444614,ok
2,0,,,1,0,,,,,,15.0,192.0,0,3,0,,4500.0,58.0,192.0,,,3,-0.7077538298685642,0.9615159779787064,0.8301371932029724,0.614545151591301,0.7886736840009689,3008.75,59077.75,606.25,1878.5,0.7077538298685642,ok
3,1,0.0,,1,1,0.0,,30.0,,,12.0,128.0,0,1,1,0.0,7000.0,10.0,128.0,256.0,,0,-0.7386584712549694,0.96393021941185,0.8182127773761749,0.6731634438037872,0.8292672783136368,3274.75,58658.0,725.25,1592.0,0.7386584712549694,ok
4,1,0.0,1.0,1,1,1.0,1.0,70.0,55.0,55.0,9.0,256.0,1,3,1,1.0,2000.0,14.0,64.0,192.0,128.0,0,-0.7129809675328501,0.9620905667543411,0.8390758037567139,0.6159594357013702,0.7993094027042389,1512.5,29394.75,283.75,934.0,0.7129809675328501,ok
5,1,1.0,0.0,1,0,1.0,0.0,,60.0,,27.0,64.0,0,2,1,1.0,2000.0,56.0,256.0,192.0,192.0,1,-0.769243702188472,0.9679552614688873,0.8433615565299988,0.703349232673645,0.8513612300157547,3431.5,58759.75,623.5,1435.25,0.769243702188472,ok
6,0,0.0,,1,1,1.0,,20.0,60.0,,15.0,160.0,0,3,1,0.0,8500.0,44.0,256.0,64.0,,5,-0.6937133176015006,0.9608006328344345,0.8465591669082642,0.5822871923446655,0.7765342146158218,2866.25,59174.0,510.0,2021.0,0.6937133176015006,ok
7,0,,,0,0,,,,,,,,1,3,0,,7000.0,120.0,64.0,,,1,-0.6873516848599905,0.9589842408895493,0.8169115781784058,0.5915925353765488,0.7704458981752396,1448.25,29359.25,319.25,998.25,0.6873516848599905,ok
8,0,1.0,1.0,0,0,1.0,0.0,,20.0,,,,0,0,1,1.0,1000.0,60.0,256.0,192.0,256.0,0,-0.6313528990694345,0.9539059549570084,0.7982561439275742,0.5189081579446793,0.7038867473602295,2535.75,58753.0,630.25,2331.0,0.6313528990694345,ok
9,0,,,0,1,,,30.0,,,,,0,0,0,,3000.0,116.0,128.0,,,3,-0.6452974214168244,0.9555181562900543,0.8139122575521469,0.5287412330508232,0.7230607718229294,2599.5,58792.75,590.5,2267.25,0.6452974214168244,ok
10,1,,,1,1,,,45.0,,,12.0,160.0,0,1,0,,6000.0,64.0,128.0,,,4,-0.7226692604710113,0.9633855223655701,0.846271201968193,0.6313280612230301,0.8138612508773804,3064.75,58833.0,550.25,1802.0,0.7226692604710113,ok
11,0,1.0,1.0,0,0,1.0,0.0,,20.0,,,,1,2,1,1.0,2000.0,118.0,256.0,128.0,192.0,2,-0.7392965937413459,0.963366374373436,0.8052391111850739,0.6798445135354996,0.8161246925592422,1668.5,29279.75,398.75,778.0,0.7392965937413459,ok
12,1,0.0,,0,1,1.0,,20.0,65.0,,,,1,3,1,0.0,7500.0,86.0,128.0,192.0,,3,-0.6851515329151767,0.9581987857818604,0.8017070889472961,0.5952112674713135,0.7665185779333115,1461.0,29321.25,357.25,985.5,0.6851515329151767,ok
13,1,1.0,1.0,0,1,1.0,0.0,35.0,60.0,,,,0,3,1,1.0,1500.0,38.0,64.0,192.0,128.0,4,-0.277693412682126,0.9318532943725586,0.7006985247135162,0.17177412286400795,0.3795037642121315,845.75,59325.75,358.25,4041.5,0.277693412682126,ok
14,1,0.0,1.0,0,1,0.0,0.0,60.0,,,,,0,3,1,1.0,1500.0,102.0,256.0,128.0,64.0,0,-0.410857908847185,0.9387350678443909,0.750882089138031,0.27949193492531776,0.4891628995537758,1379.25,59236.5,447.5,3508.0,0.410857908847185,ok
15,0,0.0,0.0,0,0,0.0,0.0,,,,,,0,2,1,1.0,2500.0,104.0,256.0,128.0,128.0,5,-0.5694908525490455,0.9493612945079803,0.7956517785787582,0.4401123523712158,0.6345987021923065,2151.75,58845.0,538.25,2715.0,0.5694908525490455,ok
16,0,,,1,0,,,,,,9.0,96.0,0,1,0,,8000.0,42.0,128.0,,,5,-0.7245674942381188,0.9632621705532074,0.8360849171876907,0.6346055567264557,0.8055941462516785,3104.5,58785.25,598.0,1762.25,0.7245674942381188,ok
17,0,,,1,1,,,40.0,,,24.0,128.0,1,0,0,,7500.0,28.0,128.0,,,5,-0.7646993688406599,0.9669239073991776,0.8318140357732773,0.7040911018848419,0.8467958867549896,1726.5,29336.0,342.5,720.0,0.7646993688406599,ok
18,1,0.0,0.0,0,1,1.0,1.0,65.0,50.0,30.0,,,0,3,1,1.0,10000.0,46.0,128.0,128.0,128.0,2,-0.3996496972927693,0.93894924223423,0.7751036882400513,0.26588068529963493,0.49754348397254944,1312.0,59317.5,366.5,3575.25,0.3996496972927693,ok
19,0,,,1,0,,,,,,21.0,128.0,1,2,0,,6500.0,106.0,128.0,,,1,-0.7655949436658422,0.9668057709932327,0.8271072804927826,0.710196316242218,0.851568266749382,1741.25,29317.5,361.0,705.25,0.7655949436658422,ok
20,1,,,1,0,,,,,,27.0,64.0,1,2,0,,4500.0,88.0,192.0,,,1,-0.7631777514282635,0.9658029973506927,0.8053563833236694,0.7232013642787933,0.8442624658346176,1770.0,29256.5,422.0,676.5,0.7631777514282635,ok
21,1,,,1,0,,,,,,21.0,32.0,1,2,0,,5000.0,74.0,192.0,,,1,-0.7629310344827587,0.9666121900081635,0.8289790451526642,0.7032686322927475,0.8466394543647766,1725.75,29326.75,351.75,720.75,0.7629310344827587,ok
22,1,,,1,0,,,,,,27.0,32.0,1,2,0,,4000.0,98.0,64.0,,,1,-0.7642258731367643,0.9662701189517975,0.8147469162940979,0.7167910784482956,0.8443239778280258,1756.0,29285.5,393.0,690.5,0.7642258731367643,ok
23,0,,,1,0,,,,,,21.0,96.0,1,2,0,,3500.0,52.0,192.0,,,1,-0.7489263296993723,0.9645095020532608,0.8107120543718338,0.6966156661510468,0.8319956511259079,1700.25,29284.75,393.75,746.25,0.7489263296993723,ok
24,0,,,1,0,,,,,,24.0,224.0,0,2,0,,5500.0,30.0,64.0,,,1,-0.7069655253559243,0.9612327516078949,0.8248134553432465,0.6173804700374603,0.7968104481697083,3004.25,58755.25,628.0,1862.5,0.7069655253559243,ok
25,1,,,1,0,,,,,,21.0,64.0,1,2,0,,9500.0,88.0,192.0,,,1,-0.7577517256491728,0.9655838459730148,0.8172863274812698,0.7033001035451889,0.838569164276123,1729.0,29290.5,388.0,717.5,0.7577517256491728,ok
26,1,1.0,,1,0,1.0,,,80.0,,24.0,96.0,1,2,1,0.0,5500.0,126.0,128.0,64.0,,1,-0.7873557132267288,0.9687463194131851,0.814650297164917,0.7600896209478378,0.8700999170541763,1858.75,29262.25,416.25,587.75,0.7873557132267288,ok
27,1,1.0,,1,0,1.0,,,80.0,,24.0,64.0,0,2,1,0.0,5500.0,70.0,192.0,64.0,,4,-0.7190906168726805,0.9625928401947021,0.8319616466760635,0.630921021103859,0.8121941685676575,3076.0,58770.75,612.5,1790.75,0.7190906168726805,ok
28,1,1.0,,1,0,1.0,,,80.0,,27.0,96.0,1,2,1,0.0,3500.0,80.0,64.0,256.0,,1,-0.781459846044658,0.9688455909490585,0.8369827270507812,0.7331319451332092,0.8616807162761688,1789.25,29335.0,343.5,657.25,0.781459846044658,ok
29,1,1.0,,1,0,1.0,,,80.0,,24.0,96.0,1,2,1,0.0,3500.0,80.0,64.0,64.0,,1,-0.7640599001663894,0.9668946713209152,0.833343431353569,0.6978443264961243,0.8511430323123932,1722.0,29339.5,339.0,724.5,0.7640599001663894,ok
30,1,1.0,,1,0,1.0,,,75.0,,18.0,96.0,1,0,1,0.0,4500.0,126.0,64.0,256.0,,2,-0.7833911535125759,0.9688999950885773,0.8329656571149826,0.7375842034816742,0.8712288737297058,1806.5,29319.5,359.0,640.0,0.7833911535125759,ok
31,1,1.0,,1,0,1.0,,,35.0,,18.0,160.0,1,0,1,0.0,4500.0,124.0,64.0,64.0,,2,-0.7824677079392531,0.9686752259731293,0.8278544396162033,0.7384785264730453,0.8692626357078552,1809.75,29309.0,369.5,636.75,0.7824677079392531,ok
32,1,1.0,,1,0,1.0,,,70.0,,18.0,32.0,1,0,1,0.0,6000.0,128.0,64.0,256.0,,2,-0.7802450639413558,0.9680373072624207,0.8175012767314911,0.7440906316041946,0.8684298396110535,1822.75,29275.5,403.0,623.75,0.7802450639413558,ok
33,1,1.0,,1,0,1.0,,,70.0,,15.0,128.0,1,0,1,0.0,5000.0,110.0,128.0,128.0,,2,-0.7988338192419825,0.9699278026819229,0.8129783421754837,0.7822639793157578,0.8764519542455673,1918.0,29241.0,437.5,528.5,0.7988338192419825,ok
34,1,1.0,,1,0,0.0,,,,,15.0,192.0,1,0,1,0.0,6500.0,112.0,128.0,128.0,,2,-0.7842096713055721,0.9689866900444031,0.8323940932750702,0.7387149184942245,0.8702761381864548,1810.25,29318.5,360.0,636.25,0.7842096713055721,ok
35,1,1.0,,1,0,1.0,,,40.0,,12.0,128.0,1,1,1,0.0,5000.0,94.0,128.0,64.0,,3,-0.7837752525252525,0.9680134356021881,0.8054124712944031,0.7598273307085037,0.8631750047206879,1862.25,29235.25,443.25,584.25,0.7837752525252525,ok
36,1,1.0,,1,0,1.0,,,70.0,,15.0,192.0,1,0,1,0.0,8500.0,114.0,128.0,64.0,,2,-0.7799892990904227,0.9679978042840958,0.8171906620264053,0.7445853054523468,0.8654712289571762,1822.25,29274.75,403.75,624.25,0.7799892990904227,ok
37,1,1.0,,1,0,1.0,,,70.0,,12.0,160.0,1,0,1,0.0,6000.0,108.0,192.0,128.0,,0,-0.7859159431097853,0.9687216728925705,0.8186433166265488,0.7540483772754669,0.8674728125333786,1844.25,29276.0,402.5,602.25,0.7859159431097853,ok
38,1,1.0,,1,0,0.0,,,,,18.0,128.0,1,1,1,0.0,5000.0,94.0,128.0,64.0,,4,-0.7704474054815297,0.967016413807869,0.8175718933343887,0.7271556556224823,0.8528182804584503,1778.0,29287.5,391.0,668.5,0.7704474054815297,ok
39,1,1.0,,1,0,1.0,,,40.0,,15.0,192.0,1,0,1,0.0,7000.0,124.0,128.0,128.0,,3,-0.7949479940564635,0.9699281305074692,0.8254320025444031,0.7658082842826843,0.8773607909679413,1872.5,29286.5,392.0,574.0,0.7949479940564635,ok
40,1,1.0,,1,0,1.0,,,35.0,,15.0,224.0,1,0,1,0.0,7000.0,120.0,128.0,128.0,,3,-0.7822748360262358,0.9682251662015915,0.8153374791145325,0.7493857890367508,0.8655722141265869,1833.75,29270.5,408.0,612.75,0.7822748360262358,ok
41,1,1.0,,1,0,1.0,,,40.0,,9.0,224.0,1,0,1,0.0,9000.0,110.0,192.0,128.0,,3,-0.7855963351622011,0.9686746001243591,0.8197755962610245,0.7498901337385178,0.8678300529718399,1843.5,29275.25,403.25,603.0,0.7855963351622011,ok
42,1,1.0,,0,1,0.0,,80.0,,,,,1,0,1,0.0,8000.0,98.0,128.0,128.0,,3,-0.7419014280157804,0.963848739862442,0.8113263547420502,0.6815113127231598,0.8265043050050735,1669.0,29294.75,383.75,777.5,0.7419014280157804,ok
43,1,1.0,,1,0,1.0,,,30.0,,15.0,192.0,1,0,1,0.0,6500.0,64.0,64.0,128.0,,3,-0.7829856407477649,0.9688302874565125,0.832658052444458,0.7354653924703598,0.870280310511589,1806.25,29317.5,361.0,640.25,0.7829856407477649,ok
44,1,1.0,,0,1,0.0,,55.0,,,,,1,0,1,0.0,7000.0,120.0,128.0,128.0,,3,-0.7469034308889619,0.9640609472990036,0.8032062649726868,0.6972270458936691,0.8282371461391449,1703.5,29267.0,411.5,743.0,0.7469034308889619,ok
45,1,1.0,,1,0,1.0,,,45.0,,12.0,256.0,1,0,1,0.0,7500.0,114.0,192.0,192.0,,0,-0.7849249374478732,0.9678877294063568,0.8029175102710724,0.7694604992866516,0.8614081591367722,1882.25,29211.25,467.25,564.25,0.7849249374478732,ok
46,1,0.0,,0,1,1.0,,50.0,25.0,,,,1,1,1,0.0,3000.0,84.0,128.0,192.0,,2,-0.7459002906817309,0.9639428555965424,0.8037107586860657,0.6933904737234116,0.8267992585897446,1700.0,29266.75,411.75,746.5,0.7459002906817309,ok
47,0,1.0,,1,0,0.0,,,,,12.0,192.0,1,0,1,0.0,8500.0,100.0,128.0,128.0,,5,-0.7790129423768863,0.9679747670888901,0.8192137777805328,0.7401710599660873,0.8520176708698273,1813.25,29283.0,395.5,633.25,0.7790129423768863,ok
48,1,0.0,,1,0,1.0,,,45.0,,9.0,160.0,0,3,1,0.0,10000.0,92.0,64.0,192.0,,3,-0.7132109715757735,0.9620663076639175,0.8307212591171265,0.6208015382289886,0.7988077253103256,3045.5,59076.5,607.5,1841.75,0.7132109715757735,ok
49,0,1.0,0.0,0,1,1.0,1.0,25.0,55.0,80.0,,,1,0,1,1.0,4000.0,12.0,192.0,128.0,256.0,4,-0.7269729360927906,0.9626276791095734,0.8168495297431946,0.6533180624246597,0.8075093030929565,1598.25,29326.25,352.25,848.25,0.7269729360927906,ok
50,1,1.0,,1,0,1.0,,,50.0,,15.0,224.0,0,1,1,0.0,8000.0,76.0,128.0,64.0,,2,-0.7665963728384648,0.9676976501941681,0.844673290848732,0.6990088671445847,0.8596222847700119,3408.0,58766.75,616.5,1458.75,0.7665963728384648,ok
51,1,0.0,0.0,1,1,1.0,1.0,80.0,30.0,80.0,18.0,192.0,1,3,1,1.0,2500.0,122.0,64.0,192.0,64.0,0,-0.7210884353741497,0.9623498618602753,0.823501706123352,0.6350721120834351,0.8077584356069565,1563.5,29352.0,326.5,883.0,0.7210884353741497,ok
52,0,1.0,,0,0,0.0,,,,,,,1,0,1,0.0,9500.0,20.0,128.0,128.0,,5,-0.7339563161450123,0.9632186740636826,0.8150352537631989,0.6652328222990036,0.8153363764286041,1629.75,29313.75,364.75,816.75,0.7339563161450123,ok
53,1,,,1,0,,,,,,12.0,256.0,0,0,0,,6000.0,50.0,128.0,,,3,-0.7591388203633102,0.9665637314319611,0.8341569304466248,0.697417289018631,0.8504936248064041,3385.0,58717.0,666.25,1481.75,0.7591388203633102,ok
54,1,1.0,0.0,1,0,1.0,1.0,,45.0,55.0,9.0,128.0,1,3,1,1.0,4000.0,104.0,192.0,192.0,192.0,2,-0.7608790252393386,0.9657887667417526,0.8117081671953201,0.7138260155916214,0.844498485326767,1748.5,29277.5,401.0,698.0,0.7608790252393386,ok
55,0,,,0,1,,,50.0,,,,,1,0,0,,1000.0,70.0,256.0,,,4,-0.7091693015234263,0.9606250375509262,0.8104290962219238,0.6293383538722992,0.7901273220777512,1542.0,29318.25,360.25,904.5,0.7091693015234263,ok
56,1,0.0,,1,0,1.0,,,55.0,,15.0,160.0,0,1,1,0.0,7500.0,116.0,64.0,128.0,,3,-0.7792992571238496,0.9690167754888535,0.8444401621818542,0.7228509783744812,0.8654167056083679,3514.25,58745.25,638.0,1352.5,0.7792992571238496,ok
57,1,,,1,0,,,,,,15.0,160.0,1,0,0,,1500.0,64.0,128.0,,,5,-0.764107805691538,0.9658738225698471,0.8043430596590042,0.7254537343978882,0.8442853838205338,1775.5,29253.25,425.25,671.0,0.764107805691538,ok
58,0,1.0,1.0,1,0,1.0,1.0,,40.0,40.0,12.0,128.0,1,3,1,1.0,6500.0,84.0,192.0,64.0,256.0,0,-0.7614539122864294,0.9658814370632172,0.811870276927948,0.7124739438295364,0.8379828482866287,1749.25,29279.75,398.75,697.25,0.7614539122864294,ok
59,1,0.0,,0,1,0.0,,60.0,,,,,0,0,1,0.0,3000.0,108.0,256.0,192.0,,2,-0.6703748488512696,0.9575679004192352,0.8123128861188889,0.5703077763319016,0.7473199516534805,2772.0,58752.0,631.25,2094.75,0.6703748488512696,ok
60,1,,,1,0,,,,,,21.0,224.0,1,1,0,,5000.0,34.0,64.0,,,3,-0.7520776395783367,0.9654056429862976,0.8268679082393646,0.6865359842777252,0.8322702199220657,1685.5,29328.25,350.25,761.0,0.7520776395783367,ok
61,0,1.0,,1,0,1.0,,,65.0,,18.0,256.0,1,0,1,0.0,9000.0,56.0,128.0,128.0,,2,-0.7839462709202188,0.9689543396234512,0.8321659117937088,0.7396563440561295,0.8675376176834106,1809.25,29318.5,360.0,637.25,0.7839462709202188,ok
62,1,1.0,0.0,1,0,1.0,1.0,,30.0,70.0,9.0,192.0,0,0,1,1.0,7000.0,90.0,128.0,64.0,64.0,4,-0.7347669216337134,0.9642422646284103,0.8359585404396057,0.6523344069719315,0.8201346397399902,3182.0,58770.75,612.5,1684.75,0.7347669216337134,ok
63,1,,,0,1,,,40.0,,,,,1,3,0,,6000.0,102.0,64.0,,,5,-0.6723399118836381,0.9577471911907196,0.8184513002634048,0.5692307502031326,0.758320078253746,1392.5,29375.25,303.25,1054.0,0.6723399118836381,ok
64,1,0.0,,1,0,1.0,,,65.0,,21.0,64.0,1,0,1,0.0,2500.0,20.0,192.0,192.0,,2,-0.7639575579134492,0.966932862997055,0.8346818685531616,0.7013841569423676,0.8519123196601868,1719.0,29343.75,334.75,727.5,0.7639575579134492,ok
65,1,1.0,,1,0,1.0,,,75.0,,24.0,96.0,1,2,1,0.0,5500.0,128.0,128.0,64.0,,1,-0.7800259684051071,0.9683561325073242,0.8267490714788437,0.7372267246246338,0.8711152076721191,1802.25,29306.25,372.25,644.25,0.7800259684051071,ok
66,1,1.0,,1,0,1.0,,,75.0,,27.0,128.0,1,2,1,0.0,4500.0,124.0,128.0,64.0,,1,-0.7872022219848307,0.9689946323633194,0.8219760805368423,0.7528346925973892,0.8701862692832947,1842.25,29286.75,391.75,604.25,0.7872022219848307,ok
67,1,1.0,,1,0,1.0,,,55.0,,15.0,96.0,1,2,1,0.0,5500.0,116.0,128.0,64.0,,1,-0.7863564251718668,0.9685595780611038,0.8132331669330597,0.7611873000860214,0.8707681894302368,1858.75,29256.25,422.25,587.75,0.7863564251718668,ok
68,1,1.0,,1,0,1.0,,,60.0,,18.0,96.0,1,2,1,0.0,5000.0,128.0,128.0,256.0,,1,-0.7840964114703826,0.9687668830156326,0.8266920000314713,0.7442256957292557,0.8704742938280106,1821.75,29300.0,378.5,624.75,0.7840964114703826,ok
69,1,1.0,,1,0,1.0,,,75.0,,15.0,64.0,1,2,1,0.0,4000.0,110.0,128.0,128.0,,1,-0.7870688289049707,0.9686283469200134,0.812845766544342,0.7598392516374588,0.871080681681633,1862.5,29254.75,423.75,584.0,0.7870688289049707,ok
70,1,1.0,,1,0,1.0,,,35.0,,24.0,160.0,1,2,1,0.0,7000.0,124.0,64.0,64.0,,3,-0.7722470319137349,0.9674534797668457,0.8248990178108215,0.7252709716558456,0.851948082447052,1772.5,29307.0,371.5,674.0,0.7722470319137349,ok
71,1,1.0,,1,0,1.0,,,80.0,,21.0,128.0,1,2,1,0.0,6500.0,96.0,128.0,128.0,,0,-0.7790046233342399,0.968377560377121,0.8319565802812576,0.730772539973259,0.8596782982349396,1790.25,29319.0,359.5,656.25,0.7790046233342399,ok
72,1,1.0,,1,0,1.0,,,70.0,,18.0,64.0,1,2,1,0.0,8000.0,120.0,128.0,64.0,,1,-0.7842022116903633,0.9681061506271362,0.8082079440355301,0.7590909600257874,0.8667676448822021,1861.5,29239.0,439.5,585.0,0.7842022116903633,ok
73,1,1.0,,1,0,1.0,,,25.0,,21.0,32.0,1,0,1,0.0,5500.0,106.0,64.0,128.0,,2,-0.781244999199872,0.9680843949317932,0.8145506978034973,0.7482244372367859,0.8615580946207047,1830.75,29269.0,409.5,615.75,0.781244999199872,ok
74,1,1.0,,1,0,1.0,,,50.0,,15.0,96.0,1,1,1,0.0,4500.0,112.0,128.0,64.0,,3,-0.7798245614035088,0.9687444567680359,0.8397096544504166,0.7247104495763779,0.8650260418653488,1778.0,29343.0,335.5,668.5,0.7798245614035088,ok
75,1,1.0,,1,0,1.0,,,60.0,,12.0,128.0,1,0,1,0.0,6000.0,118.0,64.0,128.0,,4,-0.7796178343949045,0.9676872491836548,0.8098092973232269,0.7508876174688339,0.8654702007770538,1836.0,29251.0,427.5,610.5,0.7796178343949045,ok
76,1,1.0,1.0,1,0,0.0,0.0,,,,18.0,96.0,1,2,1,1.0,3500.0,100.0,128.0,64.0,192.0,1,-0.7785537530932087,0.9686584621667862,0.840836837887764,0.7227009981870651,0.8652006834745407,1769.75,29348.5,330.0,676.75,0.7785537530932087,ok
77,0,1.0,,1,0,1.0,,,65.0,,27.0,160.0,1,0,1,0.0,8500.0,126.0,192.0,128.0,,2,-0.7828032603484097,0.968269869685173,0.8157148659229279,0.7518402189016342,0.8652955144643784,1836.75,29269.0,409.5,609.75,0.7828032603484097,ok
78,1,1.0,,1,0,1.0,,,80.0,,24.0,64.0,1,3,1,0.0,7500.0,104.0,128.0,256.0,,5,-0.7686712983065567,0.9668306708335876,0.8173168748617172,0.7214869558811188,0.8458576947450638,1770.25,29289.25,389.25,676.25,0.7686712983065567,ok
79,1,,,1,0,,,,,,12.0,128.0,0,0,0,,3000.0,112.0,64.0,,,3,-0.7684500827357971,0.9673286825418472,0.8271217048168182,0.7135995477437973,0.8482276946306229,3483.0,58668.0,715.25,1383.75,0.7684500827357971,ok
80,1,0.0,,0,1,1.0,,70.0,75.0,,,,1,2,1,0.0,6500.0,80.0,128.0,128.0,,0,-0.7099426718397128,0.9610162377357483,0.8166989833116531,0.6249737441539764,0.7914728969335556,1532.5,29340.25,338.25,914.0,0.7099426718397128,ok
81,1,1.0,,1,0,0.0,,,,,15.0,160.0,1,1,1,0.0,5000.0,86.0,128.0,64.0,,1,-0.7760376738582849,0.9681692719459534,0.8342216610908508,0.7223419547080994,0.8671542406082153,1771.5,29331.0,347.5,675.0,0.7760376738582849,ok
82,0,1.0,,1,0,1.0,,,45.0,,18.0,32.0,1,0,1,0.0,5500.0,122.0,192.0,192.0,,2,-0.7846465940636345,0.9686045199632645,0.8195600211620331,0.7500206083059311,0.8672270476818085,1837.25,29279.25,399.25,609.25,0.7846465940636345,ok
83,1,1.0,0.0,1,0,1.0,1.0,,40.0,65.0,9.0,192.0,0,2,1,1.0,6000.0,72.0,128.0,128.0,256.0,3,-0.7581265681628101,0.9662397056818008,0.8260114938020706,0.6964200884103775,0.8449197858572006,3399.25,58681.75,701.5,1467.5,0.7581265681628101,ok
84,1,,,0,1,,,55.0,,,,,1,0,0,,7000.0,116.0,64.0,,,4,-0.7338696067952973,0.9631793946027756,0.81584632396698,0.6670157611370087,0.8176908791065216,1630.75,29311.5,367.0,815.75,0.7338696067952973,ok
85,1,1.0,,1,0,1.0,,,35.0,,15.0,96.0,1,3,1,0.0,4000.0,66.0,192.0,64.0,,2,-0.7607247095104356,0.9661833792924881,0.8231889456510544,0.7050930559635162,0.8462778031826019,1726.75,29312.0,366.5,719.75,0.7607247095104356,ok
86,0,0.0,,1,0,0.0,,,,,18.0,224.0,1,0,1,0.0,8000.0,108.0,64.0,128.0,,1,-0.7757039947609692,0.9680134654045105,0.8297881186008453,0.7255300134420395,0.858811691403389,1776.75,29320.75,357.75,669.75,0.7757039947609692,ok
87,1,1.0,,1,0,1.0,,,80.0,,21.0,192.0,1,1,1,0.0,3500.0,96.0,128.0,128.0,,3,-0.7849162011173184,0.9688390344381332,0.825651615858078,0.74261674284935,0.8680819869041443,1826.5,29297.5,381.0,620.0,0.7849162011173184,ok
88,1,,,1,1,,,25.0,,,12.0,128.0,0,0,0,,4500.0,126.0,128.0,,,5,-0.7577286177257996,0.9665459394454956,0.8384573012590408,0.6876683086156845,0.8376569747924805,3361.0,58739.75,643.5,1505.75,0.7577286177257996,ok
89,1,1.0,1.0,0,0,1.0,0.0,,70.0,,,,1,2,1,1.0,7500.0,44.0,64.0,192.0,64.0,2,-0.7090888093313316,0.9607898443937302,0.8145459443330765,0.6260400861501694,0.7920311689376831,1535.0,29330.5,348.0,911.5,0.7090888093313316,ok
90,1,1.0,,1,0,1.0,,,25.0,,15.0,64.0,1,0,1,0.0,9500.0,92.0,128.0,64.0,,0,-0.7710632717735767,0.9673928767442703,0.8246254473924637,0.716920867562294,0.8530969470739365,1764.0,29313.5,365.0,682.5,0.7710632717735767,ok
91,0,0.0,,1,0,0.0,,,,,24.0,160.0,1,3,1,0.0,2000.0,58.0,192.0,128.0,,3,-0.7354068064007212,0.9634537696838379,0.8164423704147339,0.665105327963829,0.8127952069044113,1631.5,29319.5,359.0,815.0,0.7354068064007212,ok
92,1,,,1,0,,,,,,27.0,96.0,0,0,0,,9000.0,118.0,128.0,,,1,-0.7596640525057011,0.9663723856210709,0.8250389248132706,0.6985172480344772,0.8428302109241486,3414.5,58675.0,708.25,1452.25,0.7596640525057011,ok
93,1,1.0,,0,1,1.0,,75.0,60.0,,,,1,2,1,0.0,5000.0,114.0,64.0,64.0,,4,-0.7214217637495094,0.9613282382488251,0.7965302765369415,0.6576572209596634,0.806681752204895,1608.5,29274.25,404.25,838.0,0.7214217637495094,ok
94,1,1.0,,1,0,1.0,,,55.0,,12.0,128.0,1,1,1,0.0,6500.0,26.0,128.0,192.0,,2,-0.7753940455341506,0.9680604934692383,0.8330985605716705,0.7233722656965256,0.8578815907239914,1771.0,29328.0,350.5,675.5,0.7753940455341506,ok
95,0,1.0,1.0,1,0,1.0,1.0,,65.0,40.0,18.0,192.0,1,0,1,1.0,6000.0,76.0,192.0,128.0,192.0,3,-0.7935460212687936,0.969327375292778,0.8139811605215073,0.7721461951732635,0.8741418719291687,1893.5,29246.25,432.25,553.0,0.7935460212687936,ok
96,0,1.0,1.0,1,0,1.0,1.0,,65.0,40.0,18.0,256.0,1,0,1,1.0,6000.0,40.0,256.0,128.0,192.0,3,-0.776189693883139,0.9681927412748337,0.8338657319545746,0.7221235632896423,0.8627449125051498,1771.75,29331.5,347.0,674.75,0.776189693883139,ok
97,0,,,1,0,,,,,,15.0,224.0,0,0,0,,7500.0,54.0,256.0,,,3,-0.763656207366985,0.9662922620773315,0.8129382878541946,0.7177244871854782,0.8517415672540665,3498.5,58586.0,797.25,1368.25,0.763656207366985,ok
98,0,0.0,1.0,0,1,1.0,1.0,45.0,60.0,20.0,,,1,0,1,1.0,7000.0,48.0,192.0,128.0,256.0,3,-0.7418976962124171,0.9639900922775269,0.8143683969974518,0.6794501841068268,0.8243980556726456,1662.5,29305.75,372.75,784.0,0.7418976962124171,ok
99,0,1.0,1.0,1,0,0.0,1.0,,,40.0,18.0,192.0,1,0,1,1.0,6500.0,76.0,256.0,128.0,192.0,3,-0.79189966882024,0.9701681435108185,0.8435816168785095,0.7456029802560806,0.8747663795948029,1823.25,29343.5,335.0,623.25,0.79189966882024,ok
100,0,1.0,1.0,1,0,1.0,1.0,,70.0,65.0,15.0,192.0,1,0,1,1.0,8500.0,36.0,192.0,128.0,256.0,3,-0.7942583732057417,0.9698821604251862,0.8251653909683228,0.7616080194711685,0.8684322983026505,1867.5,29290.0,388.5,579.0,0.7942583732057417,ok
101,0,1.0,1.0,1,0,1.0,1.0,,70.0,70.0,12.0,224.0,1,0,1,1.0,9500.0,16.0,192.0,128.0,256.0,3,-0.7811407342657343,0.968821719288826,0.8374238461256027,0.7316374033689499,0.8663701415061951,1787.25,29336.25,342.25,659.25,0.7811407342657343,ok
102,0,,,1,0,,,,,,9.0,192.0,0,0,0,,9000.0,34.0,192.0,,,3,-0.7522798042704626,0.9653273671865463,0.8179029226303101,0.6958096921443939,0.8384929746389389,3382.25,58640.25,743.0,1484.5,0.7522798042704626,ok
103,0,1.0,1.0,0,1,1.0,1.0,65.0,50.0,65.0,,,1,0,1,1.0,8500.0,62.0,256.0,128.0,256.0,5,-0.741766593480831,0.9643009454011917,0.8238780349493027,0.6714540868997574,0.8215522468090057,1647.0,29331.25,347.25,799.5,0.741766593480831,ok
104,0,0.0,1.0,1,0,1.0,1.0,,45.0,50.0,15.0,160.0,1,0,1,1.0,8500.0,34.0,192.0,192.0,256.0,3,-0.7696046662346079,0.9667984694242477,0.8142090737819672,0.7296057939529419,0.8564699441194534,1781.25,29277.25,401.25,665.25,0.7696046662346079,ok
105,0,1.0,1.0,1,0,0.0,1.0,,,75.0,12.0,256.0,1,0,1,1.0,10000.0,22.0,192.0,128.0,192.0,0,-0.7787936164457668,0.968176394701004,0.8257551491260529,0.7336988896131516,0.8630873709917068,1799.5,29303.25,375.25,647.0,0.7787936164457668,ok
106,0,1.0,1.0,1,0,1.0,1.0,,20.0,60.0,15.0,224.0,1,3,1,1.0,8000.0,26.0,192.0,128.0,256.0,2,-0.7622686181661644,0.9656156152486801,0.8029555529356003,0.7229767441749573,0.838680699467659,1770.75,29249.75,428.75,675.75,0.7622686181661644,ok
107,0,1.0,1.0,1,0,1.0,1.0,,40.0,30.0,12.0,160.0,0,0,1,1.0,9500.0,68.0,256.0,128.0,192.0,3,-0.7790776950557692,0.9684756994247437,0.8286790251731873,0.7336837947368622,0.8650844097137451,3571.0,58653.75,729.5,1295.75,0.7790776950557692,ok
108,0,,,0,1,,,40.0,,,,,1,0,0,,7000.0,52.0,192.0,,,4,-0.7313399531406894,0.962518647313118,0.8029253035783768,0.6704276949167252,0.8120841085910797,1638.75,29282.25,396.25,807.75,0.7313399531406894,ok
109,0,1.0,1.0,1,0,1.0,1.0,,30.0,45.0,9.0,192.0,1,1,1,1.0,8500.0,10.0,192.0,192.0,128.0,2,-0.7446808510638298,0.9648832678794861,0.8330215811729431,0.6708813905715942,0.8295941054821014,1645.0,29352.0,326.5,801.5,0.7446808510638298,ok
110,0,0.0,0.0,1,0,1.0,0.0,,55.0,,15.0,224.0,1,0,1,1.0,7500.0,38.0,256.0,128.0,128.0,3,-0.7849479932472907,0.9692680090665817,0.8372316509485245,0.7358421236276627,0.8624631762504578,1801.75,29336.0,342.5,644.75,0.7849479932472907,ok
111,0,1.0,1.0,1,0,0.0,1.0,,,75.0,15.0,160.0,1,0,1,1.0,9000.0,60.0,192.0,128.0,64.0,5,-0.7758169934640523,0.96796715259552,0.8282389342784882,0.7265622764825821,0.8584106862545013,1780.5,29315.5,363.0,666.0,0.7758169934640523,ok
112,0,1.0,0.0,1,0,1.0,0.0,,35.0,,12.0,224.0,1,3,1,1.0,10000.0,84.0,128.0,64.0,256.0,0,-0.7534681597860605,0.9655623137950897,0.8269641548395157,0.686758503317833,0.8369335383176804,1690.5,29328.25,350.25,756.0,0.7534681597860605,ok
113,0,,,1,1,,,75.0,,,15.0,192.0,0,0,0,,8000.0,14.0,192.0,,,3,-0.7033408098217447,0.9608831107616425,0.8247285187244415,0.6114592552185059,0.793963611125946,2979.0,58758.0,625.25,1887.75,0.7033408098217447,ok
114,1,1.0,1.0,0,0,1.0,1.0,,75.0,50.0,,,1,0,1,1.0,5000.0,82.0,128.0,192.0,128.0,2,-0.7494471472799646,0.9647300392389297,0.8142119199037552,0.6933081150054932,0.8289708644151688,1694.5,29297.5,381.0,752.0,0.7494471472799646,ok
115,0,1.0,,1,0,1.0,,,60.0,,21.0,256.0,1,1,1,0.0,4500.0,88.0,256.0,128.0,,3,-0.7832691368740845,0.9689081609249115,0.8330070525407791,0.73687744140625,0.8676142990589142,1804.75,29321.5,357.0,641.75,0.7832691368740845,ok
116,1,0.0,1.0,1,0,1.0,0.0,,50.0,,12.0,160.0,1,0,1,1.0,5500.0,30.0,128.0,128.0,192.0,4,-0.7820294180345342,0.9681686162948608,0.8152801692485809,0.7505346238613129,0.8628783822059631,1834.25,29268.25,410.25,612.25,0.7820294180345342,ok
117,1,1.0,,1,0,0.0,,,,,18.0,192.0,1,0,1,0.0,6500.0,46.0,192.0,64.0,,2,-0.7837575496117343,0.9687911570072174,0.8282145708799362,0.7450933903455734,0.8675636649131775,1816.75,29305.75,372.75,629.75,0.7837575496117343,ok
118,1,,,1,0,,,,,,15.0,128.0,0,3,0,,1500.0,42.0,64.0,,,5,-0.609984147012197,0.9533212035894394,0.8279258757829666,0.48175907880067825,0.6980966776609421,2356.75,59200.75,483.25,2530.5,0.609984147012197,ok
119,0,1.0,,0,1,1.0,,35.0,70.0,,,,1,0,1,0.0,8000.0,100.0,128.0,192.0,,3,-0.737934554528441,0.9640354663133621,0.827296569943428,0.6645721793174744,0.8231178969144821,1626.5,29343.25,335.25,820.0,0.737934554528441,ok
120,1,1.0,1.0,1,0,1.0,0.0,,45.0,,18.0,192.0,1,1,1,1.0,7000.0,122.0,192.0,64.0,128.0,0,-0.7749829333613402,0.9666517376899719,0.798181802034378,0.7487236261367798,0.8548323214054108,1844.75,29209.0,469.5,601.75,0.7749829333613402,ok
121,1,1.0,,1,0,1.0,,,55.0,,9.0,256.0,1,0,1,0.0,10000.0,106.0,128.0,128.0,,2,-0.7794552194702628,0.9680514931678772,0.8206331878900528,0.7402888834476471,0.8669627457857132,1813.5,29285.25,393.25,633.0,0.7794552194702628,ok
122,0,0.0,,1,0,1.0,,,40.0,,15.0,160.0,1,0,1,0.0,4000.0,74.0,64.0,128.0,,3,-0.7753173251277543,0.9681774228811264,0.836148127913475,0.7209572196006775,0.865122526884079,1763.75,29339.0,339.5,682.75,0.7753173251277543,ok
123,1,,,1,0,,,,,,12.0,128.0,0,3,0,,7500.0,30.0,128.0,,,3,-0.6469697437957783,0.9557701200246811,0.813843160867691,0.533403605222702,0.7322579473257065,2616.75,59098.75,585.25,2270.5,0.6469697437957783,ok
124,1,1.0,,0,1,0.0,,25.0,,,,,1,0,1,0.0,8500.0,22.0,64.0,64.0,,4,-0.7386363636363636,0.9634854346513748,0.8090442568063736,0.675150066614151,0.8162303268909454,1657.5,29294.5,384.0,789.0,0.7386363636363636,ok
125,0,1.0,0.0,1,0,1.0,1.0,,75.0,60.0,18.0,224.0,1,0,1,1.0,5000.0,94.0,128.0,128.0,256.0,2,-0.7850048061518744,0.9686676263809204,0.8205415457487106,0.7503155469894409,0.8707540482282639,1837.5,29281.0,397.5,609.0,0.7850048061518744,ok
126,1,1.0,,1,0,1.0,,,65.0,,9.0,160.0,1,1,1,0.0,2500.0,54.0,192.0,128.0,,5,-0.7826461405964044,0.9685756862163544,0.8248700201511383,0.7429443001747131,0.8599467575550079,1817.5,29298.0,380.5,629.0,0.7826461405964044,ok
127,1,1.0,,1,0,1.0,,,50.0,,15.0,224.0,1,0,1,0.0,9500.0,68.0,128.0,192.0,,3,-0.7878072340882258,0.9692277908325195,0.8280974328517914,0.7465470284223557,0.8717060983181,1835.0,29301.5,377.0,611.5,0.7878072340882258,ok
128,0,,,1,0,,,,,,12.0,192.0,0,0,0,,3000.0,110.0,192.0,,,0,-0.7842470375468998,0.9688966274261475,0.8239496946334839,0.7460039556026459,0.8690767288208008,3631.75,58620.0,763.25,1235.0,0.7842470375468998,ok
129,1,1.0,1.0,0,1,1.0,0.0,70.0,45.0,,,,1,3,1,1.0,9000.0,90.0,256.0,64.0,192.0,2,-0.6794628000950796,0.9580199420452118,0.8094186633825302,0.5815346837043762,0.760015532374382,1429.25,29347.25,331.25,1017.25,0.6794628000950796,ok
130,1,0.0,,1,0,1.0,,,70.0,,15.0,160.0,1,0,1,0.0,8000.0,80.0,64.0,256.0,,3,-0.785110159757753,0.9679669886827469,0.8019496500492096,0.7677305042743683,0.8670424222946167,1879.75,29216.25,462.25,566.75,0.785110159757753,ok
131,0,1.0,,1,0,0.0,,,,,21.0,128.0,1,0,1,0.0,5500.0,38.0,128.0,128.0,,4,-0.755545597131974,0.9660354256629944,0.8347974866628647,0.6876416206359863,0.8490219265222549,1686.0,29348.0,330.5,760.5,0.755545597131974,ok
132,1,1.0,,1,0,1.0,,,30.0,,18.0,256.0,1,1,1,0.0,3500.0,48.0,192.0,64.0,,3,-0.7711242342292621,0.9677271842956543,0.8354673236608505,0.7125936597585678,0.85381680727005,1746.5,29341.75,336.75,700.0,0.7711242342292621,ok
133,1,,,1,0,,,,,,9.0,192.0,0,0,0,,6000.0,102.0,128.0,,,2,-0.7720986169573061,0.9675536006689072,0.8240029513835907,0.722521498799324,0.8584267199039459,3531.0,58634.5,748.75,1335.75,0.7720986169573061,ok
134,0,1.0,0.0,0,1,1.0,1.0,30.0,80.0,30.0,,,1,0,1,1.0,7000.0,72.0,64.0,128.0,192.0,3,-0.7415958105749197,0.9642851948738098,0.8238286674022675,0.6738134026527405,0.8262636959552765,1646.25,29331.5,347.0,800.25,0.7415958105749197,ok
135,1,1.0,,1,0,1.0,,,40.0,,12.0,128.0,1,3,1,0.0,6500.0,18.0,128.0,192.0,,5,-0.7628198089381795,0.9663776010274887,0.8224585801362991,0.7102167159318924,0.8400552421808243,1736.75,29308.25,370.25,709.75,0.7628198089381795,ok
136,1,0.0,1.0,1,0,1.0,0.0,,20.0,,21.0,96.0,1,0,1,1.0,2000.0,104.0,192.0,64.0,256.0,0,-0.7689895658755473,0.9667446911334991,0.8193917274475098,0.7227375954389572,0.8546276092529297,1778.0,29278.75,399.75,668.5,0.7689895658755473,ok
137,0,1.0,,1,0,0.0,,,,,15.0,160.0,1,0,1,0.0,7000.0,98.0,128.0,128.0,,2,-0.7773625200213561,0.9675460308790207,0.8138561993837357,0.7435078918933868,0.862331748008728,1820.0,29262.5,416.0,626.5,0.7773625200213561,ok
138,1,,,1,0,,,,,,18.0,192.0,0,1,0,,7500.0,64.0,64.0,,,3,-0.7585413298994493,0.9657050967216492,0.8106383085250854,0.7111257463693619,0.8417525589466095,3460.75,58586.0,797.25,1406.0,0.7585413298994493,ok
139,0,1.0,,0,1,1.0,,55.0,25.0,,,,1,0,1,0.0,8500.0,128.0,256.0,128.0,,4,-0.7499728703201303,0.9641371220350266,0.7975548803806305,0.7058586925268173,0.8307820707559586,1727.75,29245.25,433.25,718.75,0.7499728703201303,ok
140,1,1.0,0.0,1,0,1.0,1.0,,35.0,75.0,15.0,224.0,1,0,1,1.0,6000.0,10.0,128.0,64.0,64.0,3,-0.7614404432132964,0.9664887487888336,0.8287216275930405,0.7001766860485077,0.8474553823471069,1718.0,29330.5,348.0,728.5,0.7614404432132964,ok
141,0,1.0,,1,0,1.0,,,60.0,,12.0,160.0,1,2,1,0.0,4500.0,58.0,192.0,192.0,,2,-0.7732354053032349,0.9673216193914413,0.8180580735206604,0.7312225997447968,0.8546012192964554,1789.75,29285.5,393.0,656.75,0.7732354053032349,ok
142,1,0.0,,1,0,1.0,,,70.0,,18.0,128.0,1,0,1,0.0,5500.0,114.0,128.0,128.0,,5,-0.7716510067114094,0.9669001251459122,0.8109804838895798,0.7344350218772888,0.8590065985918045,1796.5,29265.25,413.25,650.0,0.7716510067114094,ok
143,1,,,1,0,,,,,,12.0,256.0,0,3,0,,4500.0,122.0,192.0,,,1,-0.722902730721339,0.9629480838775635,0.8312846124172211,0.6370000690221786,0.8015913963317871,3120.5,59058.5,625.5,1766.75,0.722902730721339,ok
144,0,1.0,1.0,0,1,0.0,0.0,45.0,,,,,1,0,1,1.0,4000.0,108.0,256.0,128.0,128.0,3,-0.750166703711936,0.9650090485811234,0.8200843930244446,0.6886274218559265,0.8331179767847061,1687.5,29313.5,365.0,759.0,0.750166703711936,ok
145,0,1.0,1.0,1,0,1.0,1.0,,65.0,45.0,18.0,192.0,1,0,1,1.0,6000.0,76.0,192.0,128.0,192.0,3,-0.784083007969193,0.9685822278261185,0.8198504745960236,0.7470239549875259,0.8671979904174805,1832.5,29283.25,395.25,614.0,0.784083007969193,ok
146,0,1.0,1.0,1,0,1.0,1.0,,65.0,35.0,21.0,192.0,1,0,1,1.0,6500.0,86.0,192.0,128.0,192.0,3,-0.7889250814332247,0.9697416871786118,0.8387716710567474,0.7413860112428665,0.8682582676410675,1816.5,29336.5,342.0,630.0,0.7889250814332247,ok
147,0,1.0,1.0,1,0,1.0,1.0,,75.0,25.0,18.0,224.0,1,0,1,1.0,5000.0,90.0,192.0,128.0,256.0,3,-0.7753105419369023,0.9681825041770935,0.8380758911371231,0.7211093306541443,0.8658677637577057,1763.25,29339.75,338.75,683.25,0.7753105419369023,ok
148,0,1.0,1.0,1,0,1.0,1.0,,75.0,55.0,15.0,192.0,1,0,1,1.0,6000.0,78.0,192.0,128.0,256.0,3,-0.7850467289719626,0.9692122936248779,0.8358478993177414,0.73818439245224,0.8665730655193329,1806.0,29330.0,348.5,640.5,0.7850467289719626,ok
149,0,1.0,1.0,1,0,1.0,1.0,,65.0,60.0,18.0,160.0,1,0,1,1.0,7000.0,118.0,192.0,128.0,192.0,3,-0.7779232111692844,0.9683091789484024,0.8321524262428284,0.7280078232288361,0.8677962273359299,1783.0,29324.0,354.5,663.5,0.7779232111692844,ok
150,0,1.0,1.0,1,0,1.0,1.0,,80.0,45.0,15.0,192.0,1,0,1,1.0,7500.0,96.0,192.0,128.0,128.0,3,-0.7809778252738445,0.9680994153022766,0.816661074757576,0.7461860477924347,0.8651703596115112,1827.0,29273.25,405.25,619.5,0.7809778252738445,ok
151,0,1.0,1.0,1,0,1.0,1.0,,75.0,35.0,15.0,224.0,1,0,1,1.0,6500.0,60.0,192.0,128.0,192.0,3,-0.7871058013130987,0.9692119508981705,0.8293825536966324,0.7454892843961716,0.8705989271402359,1828.25,29307.75,370.75,618.25,0.7871058013130987,ok
152,0,1.0,1.0,1,0,1.0,1.0,,55.0,25.0,18.0,160.0,1,0,1,1.0,5000.0,42.0,256.0,128.0,256.0,3,-0.787067523074432,0.9692980647087097,0.8323798775672913,0.7418756633996964,0.8688019663095474,1822.75,29316.0,362.5,623.75,0.787067523074432,ok
153,0,1.0,1.0,1,0,1.0,1.0,,70.0,65.0,15.0,192.0,1,0,1,1.0,5500.0,52.0,192.0,128.0,256.0,3,-0.7921852843863243,0.9692045748233795,0.8124390244483948,0.7691807001829147,0.8716817051172256,1885.5,29250.25,428.25,561.0,0.7921852843863243,ok
154,0,1.0,0.0,1,0,1.0,1.0,,60.0,55.0,21.0,224.0,1,0,1,1.0,8000.0,32.0,192.0,128.0,192.0,3,-0.7763326226012793,0.967342734336853,0.8098551779985428,0.7462044656276703,0.8624288588762283,1820.5,29255.5,423.0,626.0,0.7763326226012793,ok
155,0,1.0,1.0,1,0,1.0,1.0,,65.0,35.0,15.0,160.0,1,0,1,1.0,6000.0,24.0,128.0,128.0,256.0,2,-0.7780635980515571,0.968440368771553,0.8359293937683105,0.7263944000005722,0.861843466758728,1777.0,29334.25,344.25,669.5,0.7780635980515571,ok
156,0,1.0,1.0,1,0,1.0,1.0,,70.0,20.0,18.0,192.0,1,0,1,1.0,9000.0,66.0,192.0,64.0,128.0,0,-0.7729636048526863,0.9673765599727631,0.8196533471345901,0.7256816327571869,0.8569243252277374,1784.0,29293.0,385.5,662.5,0.7729636048526863,ok
157,0,1.0,1.0,1,0,1.0,1.0,,80.0,70.0,18.0,224.0,1,0,1,1.0,3500.0,112.0,192.0,128.0,192.0,3,-0.7862844896865792,0.9689549803733826,0.8248661756515503,0.7484735697507858,0.8647032082080841,1834.5,29293.25,385.25,612.0,0.7862844896865792,ok
158,0,1.0,0.0,1,0,1.0,1.0,,70.0,50.0,15.0,128.0,1,1,1,1.0,7500.0,70.0,256.0,128.0,256.0,3,-0.7852938028470513,0.9687766283750534,0.8220070898532867,0.749656543135643,0.8658475577831268,1834.25,29287.75,390.75,612.25,0.7852938028470513,ok
159,0,1.0,,1,0,1.0,,,65.0,,21.0,128.0,1,0,1,0.0,8000.0,56.0,128.0,128.0,,4,-0.7786942692328428,0.9680508375167847,0.8244896084070206,0.7360000461339951,0.8659375309944153,1805.5,29293.25,385.25,641.0,0.7786942692328428,ok
160,0,1.0,1.0,1,0,1.0,1.0,,60.0,45.0,15.0,192.0,1,2,1,1.0,6500.0,124.0,128.0,192.0,192.0,2,-0.7793578970049558,0.9681229442358017,0.8215317875146866,0.7370281219482422,0.8580974042415619,1808.5,29292.5,386.0,638.0,0.7793578970049558,ok
161,1,1.0,,1,0,1.0,,,55.0,,12.0,160.0,1,0,1,0.0,5500.0,46.0,256.0,64.0,,1,-0.7930887825624667,0.9697104394435883,0.8243026882410049,0.7623729705810547,0.8777090907096863,1864.75,29287.25,391.25,581.75,0.7930887825624667,ok
162,0,0.0,,1,0,1.0,,,50.0,,18.0,256.0,1,3,1,0.0,4000.0,94.0,192.0,128.0,,3,-0.761257720381808,0.9669087380170822,0.84259232878685,0.6927211880683899,0.8459412455558777,1694.75,29367.25,311.25,751.75,0.761257720381808,ok
163,1,1.0,1.0,1,0,0.0,0.0,,,,15.0,160.0,1,0,1,1.0,5000.0,72.0,128.0,64.0,64.0,5,-0.7786349512482589,0.9678417146205902,0.8162154853343964,0.7419431954622269,0.8631092756986618,1816.75,29275.25,403.25,629.75,0.7786349512482589,ok
164,0,1.0,,1,0,1.0,,,80.0,,12.0,96.0,1,0,1,0.0,4500.0,118.0,256.0,128.0,,3,-0.788858752347173,0.9684966504573822,0.8029876500368118,0.7725917249917984,0.8719723075628281,1890.5,29222.5,456.0,556.0,0.788858752347173,ok
165,1,,,1,0,,,,,,18.0,192.0,0,1,0,,7000.0,36.0,192.0,,,2,-0.7354962803722457,0.9636122584342957,0.8172663152217865,0.6636930257081985,0.8214418292045593,3250.25,58662.0,721.25,1616.5,0.7354962803722457,ok
166,0,1.0,1.0,0,1,1.0,1.0,35.0,45.0,80.0,,,1,0,1,1.0,9500.0,84.0,128.0,192.0,256.0,0,-0.7354094320600426,0.9632340967655182,0.8116089403629303,0.6714379787445068,0.818824902176857,1641.25,29302.75,375.75,805.25,0.7354094320600426,ok
167,1,1.0,,1,0,1.0,,,75.0,,15.0,256.0,1,2,1,0.0,7500.0,106.0,128.0,128.0,,3,-0.7798523664785063,0.9684334695339203,0.8298999816179276,0.7326454669237137,0.8631997853517532,1796.0,29315.0,363.5,650.5,0.7798523664785063,ok
168,0,0.0,0.0,1,0,1.0,1.0,,65.0,40.0,21.0,224.0,1,0,1,1.0,6000.0,92.0,192.0,64.0,192.0,4,-0.7714440825190011,0.9672355502843857,0.8205055892467499,0.7247706651687622,0.8582904040813446,1776.25,29296.25,382.25,670.25,0.7714440825190011,ok
169,1,1.0,,1,0,0.0,,,,,18.0,160.0,1,0,1,0.0,8500.0,14.0,192.0,128.0,,2,-0.759896777027398,0.9659661501646042,0.8194844126701355,0.706258699297905,0.8459946811199188,1730.0,29301.75,376.75,716.5,0.759896777027398,ok
170,1,1.0,1.0,1,0,1.0,1.0,,60.0,65.0,15.0,96.0,0,3,1,1.0,4500.0,50.0,128.0,128.0,256.0,3,-0.7178313881085464,0.9622751623392105,0.8247498124837875,0.631028562784195,0.8001045882701874,3098.25,59037.25,646.75,1789.0,0.7178313881085464,ok
171,0,,,0,1,,,20.0,,,,,1,0,0,,6500.0,82.0,128.0,,,1,-0.7507540444200713,0.9646278768777847,0.8078808337450027,0.699806734919548,0.8335107415914536,1711.25,29277.5,401.0,735.25,0.7507540444200713,ok
172,1,1.0,,1,0,1.0,,,75.0,,15.0,192.0,1,0,1,0.0,5500.0,100.0,192.0,128.0,,5,-0.7811967632027257,0.9680135101079941,0.8132998496294022,0.7491085827350616,0.8636554926633835,1834.25,29263.25,415.25,612.25,0.7811967632027257,ok
173,0,1.0,,1,0,1.0,,,70.0,,12.0,128.0,1,1,1,0.0,9000.0,62.0,256.0,192.0,,3,-0.7807307171853857,0.9684730619192123,0.8273583948612213,0.736297607421875,0.8622411042451859,1803.0,29309.25,369.25,643.5,0.7807307171853857,ok
174,1,1.0,1.0,1,0,1.0,0.0,,40.0,,18.0,224.0,1,0,1,1.0,8000.0,110.0,128.0,64.0,128.0,2,-0.7780532499730516,0.9679523259401321,0.8207381218671799,0.7347300350666046,0.858410120010376,1804.5,29291.0,387.5,642.0,0.7780532499730516,ok
175,0,0.0,,1,0,1.0,,,70.0,,15.0,160.0,1,2,1,0.0,3000.0,28.0,192.0,128.0,,0,-0.7520332043300241,0.9655920416116714,0.8319960385560989,0.6839849054813385,0.8385040462017059,1676.0,29343.75,334.75,770.5,0.7520332043300241,ok
176,1,,,1,0,,,,,,12.0,192.0,0,0,0,,6500.0,126.0,64.0,,,3,-0.7701311249137336,0.9675958901643753,0.8308911472558975,0.7154776901006699,0.8567644506692886,3487.25,58681.0,702.25,1379.5,0.7701311249137336,ok
177,0,1.0,1.0,0,1,0.0,1.0,65.0,,60.0,,,1,3,1,1.0,7000.0,78.0,128.0,64.0,192.0,3,-0.6767378732444235,0.9573659747838974,0.798792228102684,0.5847601592540741,0.7544568181037903,1433.5,29322.0,356.5,1013.0,0.6767378732444235,ok
178,1,1.0,,1,0,1.0,,,55.0,,9.0,128.0,1,0,1,0.0,9500.0,120.0,192.0,128.0,,4,-0.7803686195357731,0.9678184688091278,0.8131058216094971,0.7468064427375793,0.8626887202262878,1836.5,29254.75,423.75,610.0,0.7803686195357731,ok
179,0,1.0,0.0,1,0,1.0,1.0,,35.0,55.0,21.0,192.0,1,0,1,1.0,8500.0,88.0,128.0,192.0,256.0,2,-0.7819476417367097,0.9683008193969727,0.8194951117038727,0.7449397891759872,0.8655465096235275,1825.75,29281.0,397.5,620.75,0.7819476417367097,ok
180,1,1.0,,1,0,1.0,,,45.0,,24.0,224.0,1,0,1,0.0,4000.0,104.0,192.0,128.0,,3,-0.7836835599505563,0.9686753153800964,0.824842631816864,0.7419411242008209,0.8664637356996536,1822.75,29296.0,382.5,623.75,0.7836835599505563,ok
181,0,0.0,1.0,1,0,1.0,0.0,,60.0,,18.0,64.0,1,1,1,1.0,5500.0,98.0,192.0,128.0,128.0,1,-0.7824171100005374,0.9684873670339584,0.8242106437683105,0.7421954870223999,0.8694957941770554,1820.0,29292.75,385.75,626.5,0.7824171100005374,ok
182,1,,,1,0,,,,,,15.0,160.0,0,0,0,,7000.0,66.0,64.0,,,5,-0.7421502242793063,0.964880183339119,0.8356209695339203,0.6661724150180817,0.8276632875204086,3247.0,58746.75,636.5,1619.75,0.7421502242793063,ok
183,0,1.0,,0,1,0.0,,60.0,,,,,1,2,1,0.0,3500.0,114.0,128.0,64.0,,3,-0.7339592244875285,0.9627283811569214,0.8029191642999649,0.6716827005147934,0.8107981830835342,1651.5,29276.25,402.25,795.0,0.7339592244875285,ok
184,1,1.0,1.0,1,0,1.0,1.0,,40.0,70.0,18.0,96.0,1,0,1,1.0,10000.0,74.0,128.0,128.0,64.0,2,-0.7711777694006139,0.9669319093227386,0.8142277151346207,0.728488028049469,0.8526124060153961,1790.0,29272.75,405.75,656.5,0.7711777694006139,ok
185,0,1.0,,1,0,1.0,,,80.0,,12.0,32.0,1,3,1,0.0,7500.0,38.0,192.0,128.0,,0,-0.7449273724071667,0.9648776799440384,0.8302717208862305,0.6719312965869904,0.8384286463260651,1647.5,29349.25,329.25,799.0,0.7449273724071667,ok
186,1,1.0,0.0,1,0,1.0,1.0,,50.0,40.0,15.0,192.0,1,0,1,1.0,6000.0,18.0,256.0,64.0,256.0,3,-0.7715851739295598,0.9672432988882065,0.8200380802154541,0.7267528772354126,0.8535251617431641,1777.25,29295.5,383.0,669.25,0.7715851739295598,ok
187,0,1.0,,1,0,1.0,,,75.0,,15.0,128.0,1,0,1,0.0,5000.0,56.0,128.0,128.0,,3,-0.7851516132513219,0.9690099209547043,0.8294512182474136,0.7421719133853912,0.8709488660097122,1819.0,29310.5,368.0,627.5,0.7851516132513219,ok
188,1,,,1,0,,,,,,18.0,224.0,0,0,0,,7500.0,44.0,256.0,,,2,-0.7556084202373379,0.9656203985214233,0.816699668765068,0.7005473077297211,0.8407607823610306,3414.5,58626.75,756.5,1452.25,0.7556084202373379,ok
189,0,0.0,1.0,0,1,1.0,0.0,30.0,35.0,,,,1,1,1,1.0,9000.0,116.0,192.0,192.0,192.0,4,-0.7464368578057673,0.9642768651247025,0.810705304145813,0.690381795167923,0.8217413127422333,1689.0,29288.5,390.0,757.5,0.7464368578057673,ok
190,1,1.0,,1,0,0.0,,,,,9.0,256.0,1,0,1,0.0,6000.0,102.0,64.0,128.0,,3,-0.7754004827737546,0.9681389927864075,0.8344553560018539,0.7190387099981308,0.862909659743309,1766.75,29334.75,343.75,679.75,0.7754004827737546,ok
191,0,1.0,1.0,1,0,1.0,1.0,,65.0,80.0,12.0,160.0,1,2,1,1.0,8500.0,128.0,128.0,256.0,256.0,1,-0.7859733978234583,0.9683177173137665,0.806839793920517,0.76336869597435,0.8670218586921692,1868.75,29238.5,440.0,577.75,0.7859733978234583,ok
192,1,1.0,,1,0,1.0,,,75.0,,15.0,192.0,1,0,1,0.0,8000.0,48.0,192.0,128.0,,5,-0.7795658278431796,0.9682313203811646,0.8251196593046188,0.7354797422885895,0.8628036379814148,1804.5,29300.0,378.5,642.0,0.7795658278431796,ok
193,0,1.0,1.0,1,0,1.0,1.0,,55.0,50.0,21.0,224.0,1,0,1,1.0,5000.0,86.0,128.0,64.0,128.0,3,-0.7820876007844846,0.9688687473535538,0.8358372449874878,0.7329049855470657,0.8699622750282288,1794.5,29330.5,348.0,652.0,0.7820876007844846,ok
194,1,,,1,0,,,,,,12.0,160.0,0,3,0,,6500.0,82.0,192.0,,,2,-0.7073242590301102,0.9615353643894196,0.8328397125005722,0.6101232469081879,0.7860036939382553,3001.0,59086.75,597.25,1886.25,0.7073242590301102,ok
195,0,1.0,,0,1,1.0,,75.0,70.0,,,,1,0,1,0.0,7000.0,62.0,256.0,128.0,,3,-0.7500556173526141,0.9650252014398575,0.8205462694168091,0.689492404460907,0.8310797959566116,1685.75,29315.75,362.75,760.75,0.7500556173526141,ok
196,1,0.0,0.0,1,0,1.0,1.0,,30.0,65.0,18.0,128.0,1,0,1,1.0,5500.0,40.0,128.0,192.0,192.0,0,-0.76999238385377,0.9670952260494232,0.8208547234535217,0.7215865701436996,0.8593050688505173,1769.25,29298.75,379.75,677.25,0.76999238385377,ok
197,0,1.0,,1,0,0.0,,,,,15.0,192.0,1,1,1,0.0,4500.0,122.0,64.0,128.0,,3,-0.783117650217473,0.9685655385255814,0.8230779767036438,0.7434465885162354,0.8562638610601425,1823.0,29292.25,386.25,623.5,0.783117650217473,ok
198,1,1.0,1.0,1,0,1.0,0.0,,30.0,,18.0,160.0,1,0,1,1.0,8000.0,108.0,192.0,128.0,192.0,4,-0.7763854380468834,0.9677793681621552,0.8216324597597122,0.7333442717790604,0.8609108328819275,1796.75,29293.25,385.25,649.75,0.7763854380468834,ok
199,0,1.0,,1,0,1.0,,,60.0,,15.0,256.0,1,2,1,0.0,2500.0,124.0,128.0,64.0,,3,-0.7709022722258989,0.9676707088947296,0.8345630466938019,0.7135880887508392,0.8569254875183105,1747.25,29339.25,339.25,699.25,0.7709022722258989,ok
